{
  "best_model": "RandomForest",
  "feature_columns": [
    "current_attendance",
    "previous_attendance",
    "leaves_taken",
    "internal_marks",
    "distance_km",
    "monthly_attendance"
  ],
  "class_order": [
    "Low Risk",
    "Medium Risk",
    "High Risk"
  ],
  "roc_auc": {
    "DecisionTree": {
      "per_class_auc": {
        "Low Risk": 0.9965,
        "Medium Risk": 0.9902,
        "High Risk": 0.9976
      },
      "macro_auc": 0.9948
    },
    "RandomForest": {
      "per_class_auc": {
        "Low Risk": 0.9983,
        "Medium Risk": 0.9943,
        "High Risk": 0.9991
      },
      "macro_auc": 0.9973
    }
  },
  "models": [
    {
      "model_name": "DecisionTree",
      "accuracy": 0.9609,
      "precision": 0.961,
      "recall": 0.9609,
      "f1_score": 0.961
    },
    {
      "model_name": "RandomForest",
      "accuracy": 0.968,
      "precision": 0.9681,
      "recall": 0.968,
      "f1_score": 0.9681
    }
  ],
  "classification_reports": {
    "DecisionTree": {
      "Low Risk": {
        "precision": 0.9761347683668694,
        "recall": 0.9779653070792311,
        "f1-score": 0.9770491803278688,
        "support": 2133.0
      },
      "Medium Risk": {
        "precision": 0.9248554913294798,
        "recall": 0.9294605809128631,
        "f1-score": 0.9271523178807947,
        "support": 1205.0
      },
      "High Risk": {
        "precision": 0.9706643658326143,
        "recall": 0.962360992301112,
        "f1-score": 0.9664948453608248,
        "support": 1169.0
      },
      "accuracy": 0.9609496339028178,
      "macro avg": {
        "precision": 0.9572182085096544,
        "recall": 0.9565956267644021,
        "f1-score": 0.9568987811898294,
        "support": 4507.0
      },
      "weighted avg": {
        "precision": 0.9610057625109567,
        "recall": 0.9609496339028178,
        "f1-score": 0.9609711379881309,
        "support": 4507.0
      }
    },
    "RandomForest": {
      "Low Risk": {
        "precision": 0.9807421324565524,
        "recall": 0.9789029535864979,
        "f1-score": 0.979821679962459,
        "support": 2133.0
      },
      "Medium Risk": {
        "precision": 0.9373454245671888,
        "recall": 0.9435684647302904,
        "f1-score": 0.9404466501240695,
        "support": 1205.0
      },
      "High Risk": {
        "precision": 0.976824034334764,
        "recall": 0.9734816082121471,
        "f1-score": 0.9751499571550986,
        "support": 1169.0
      },
      "accuracy": 0.9680497004659419,
      "macro avg": {
        "precision": 0.9649705304528351,
        "recall": 0.9653176755096452,
        "f1-score": 0.9651394290805424,
        "support": 4507.0
      },
      "weighted avg": {
        "precision": 0.9681232529999174,
        "recall": 0.9680497004659419,
        "f1-score": 0.9680825730361079,
        "support": 4507.0
      }
    }
  }
}